Daniel,ycpdan,http://pbs.twimg.com/profile_images/2839957630/6742066915c916b9448b513314bab9f2_normal.jpeg
René Voorburg,digitopia_nl,http://pbs.twimg.com/profile_images/799931370516647940/K0TkfBPi_normal.jpg
Brenda Berkelaar,brendaberkelaar,http://pbs.twimg.com/profile_images/665158896525312000/O9o0G7Wd_normal.jpg
Cassie Findlay,CassPF,http://pbs.twimg.com/profile_images/503770380146716672/-ZqPskdq_normal.jpeg
Hussam Hallak,HussamHallak1,http://pbs.twimg.com/profile_images/828693167197204481/LezWYLYV_normal.jpg
British Library Labs,BL_Labs,http://pbs.twimg.com/profile_images/458627032255963136/LrfmDsum_normal.png
Space 3D 360° VR,space360vr,http://pbs.twimg.com/profile_images/698252556515078146/4doMp0CQ_normal.jpg
Kh Talha,KhTalha6,http://abs.twimg.com/sticky/default_profile_images/default_profile_1_normal.png
Angela Woodall,AngelaWoodall,http://pbs.twimg.com/profile_images/378800000475083959/a8e8d6a253012ace417926b216c273cc_normal.jpeg
Fredericik Begbeder,FredericikB,http://pbs.twimg.com/profile_images/378800000710311151/9cbd8006a5899a6118dc8368f790d274_normal.jpeg
Kevin Levrone,KevinLevrone3,http://pbs.twimg.com/profile_images/737368290222346241/YjvgWlJt_normal.jpg
Christopher Chyr,mrchyr,http://pbs.twimg.com/profile_images/610957360320765952/a5OOcBKO_normal.jpg
Jessica Smith,jessicasmith541,http://pbs.twimg.com/profile_images/729568662642823170/6BVoSMfV_normal.jpg
Zhaohuan Wang,zhaohuan_wang,http://pbs.twimg.com/profile_images/832587358977482752/22n7eDNz_normal.jpg
Michael Stevenson,_mstevenson,http://pbs.twimg.com/profile_images/3708722324/db88b85e00e6489d531ef98f355f14c5_normal.jpeg
Stephanie A Kingsley,KingsleySteph,http://pbs.twimg.com/profile_images/767900043206537216/GdMbgQR1_normal.jpg
Andrea Goethals,AndreaGoethals,http://pbs.twimg.com/profile_images/1775755066/Dp01_white_small_normal.png
TEI Landmark,TEILandmark,http://pbs.twimg.com/profile_images/722804725591093249/k0Fi8aH0_normal.jpg
DBpedia,dbpedia,http://pbs.twimg.com/profile_images/721301450962432000/L9ehCZfC_normal.jpg
Hung V. Do,doviethung,http://pbs.twimg.com/profile_images/732767610098593792/jxOfVd82_normal.jpg
Gardner Campbell,GardnerCampbell,http://pbs.twimg.com/profile_images/448479095249051649/VCU6dhSU_normal.jpeg
Jacquelyn Clements,peripatesis,http://pbs.twimg.com/profile_images/725436531612225536/mrju8reK_normal.jpg
dinesh kumar paladhi,dineshpaladhi,http://abs.twimg.com/sticky/default_profile_images/default_profile_5_normal.png
Alex Dolan-Mescal,fromADMwithlove,http://pbs.twimg.com/profile_images/838831625974632448/OyWkAGQu_normal.jpg
psleeman,PSleeman,http://pbs.twimg.com/profile_images/3327176206/6e8f5dffd4e46d02f511cde4d0608640_normal.jpeg
lyn maccorkle,lmaccork,http://pbs.twimg.com/profile_images/378800000849844019/fea2d70458a0c0dc5ad3e7eb319d6c66_normal.jpeg
Larry Wayne Wilson,LarryWilson1942,http://pbs.twimg.com/profile_images/698175404079599616/u6dCwTWj_normal.png
WOSP Workshop,wospworkshop,http://pbs.twimg.com/profile_images/833733153374220288/LVx7RQLx_normal.jpg
NetLab,NetLab_dk,http://pbs.twimg.com/profile_images/765522876803977216/hfpBrBdu_normal.jpg
Huan Huang,CrowNaito,http://abs.twimg.com/sticky/default_profile_images/default_profile_4_normal.png
Karl Blumenthal,landlibrarian,http://pbs.twimg.com/profile_images/778410530524520449/qjjG4ltb_normal.jpg
Archivportal-D,archivportal,http://pbs.twimg.com/profile_images/644468934062796800/Z40QjJwV_normal.png
Kees Teszelszky,keesone,http://pbs.twimg.com/profile_images/702794147275538433/i8aHvtjf_normal.jpg
Mike Amundsen,mamund,http://pbs.twimg.com/profile_images/340449683/madmen_icon_normal.jpg
OTL National Event,imafuturemedic,http://pbs.twimg.com/profile_images/813426080421974017/EunwaViM_normal.jpg
Shira Peltzman,shirapeltzman,http://pbs.twimg.com/profile_images/580390651641995264/IHcTkNbH_normal.jpg
Daniel Rehn,daniel_rehn,http://pbs.twimg.com/profile_images/769885136707997699/iU-8QHF4_normal.jpg
Matthew Weber,docmattweber,http://pbs.twimg.com/profile_images/618079538459897856/o2dQPlK1_normal.jpg
Kayla Fox,kaylamarie0110,http://pbs.twimg.com/profile_images/654432628729380864/yfyidLOe_normal.jpg
Alex Wade,alexwade,http://pbs.twimg.com/profile_images/1597650179/awade__3__normal.png
IJDL,ijdl,http://pbs.twimg.com/profile_images/579056151/ijdl_cover_normal.jpg
JCDL 2016,jcdl2016,http://pbs.twimg.com/profile_images/638733861615239168/QBHQe2Sz_normal.png
Edward McCain,e_mccain,http://pbs.twimg.com/profile_images/586632376085680128/dVtuBWuV_normal.jpg
Naima,Naima3704,http://pbs.twimg.com/profile_images/631743581397495808/50KhSJat_normal.jpg
Kenneth E. Chapman,kennethec1,http://pbs.twimg.com/profile_images/1948305495/Me_normal.jpg
rudolf,westfood,http://pbs.twimg.com/profile_images/228597353/ffoto_normal.jpg
Lam Mai ن,maikhanhlam,http://pbs.twimg.com/profile_images/469991591231246336/Sm4MvEpS_normal.jpeg
Lana Kinnie,seahorseadmirer,http://pbs.twimg.com/profile_images/530400730255880192/a5HzpyoB_normal.jpeg
Shamim,AliShamim333,http://abs.twimg.com/sticky/default_profile_images/default_profile_2_normal.png
Bertram Lyons,bertramlyons,http://pbs.twimg.com/profile_images/715570740540481536/ypAkNDB8_normal.jpg
J. Stoddert,JStoddert,http://pbs.twimg.com/profile_images/583265564518400000/CTkkYWL8_normal.jpg
Peter Murray,DataG,http://pbs.twimg.com/profile_images/480001644399050752/jZ5Ortmv_normal.jpeg
Jennifer Serventi,JenServenti,http://pbs.twimg.com/profile_images/630355583/twitterimage_normal.jpg
MD SHAJID,shajid333,http://pbs.twimg.com/profile_images/511386505630056449/rfHZZdIr_normal.jpeg
Paul Wheatley,prwheatley,http://pbs.twimg.com/profile_images/616214227603296256/_8ei15Rm_normal.jpg
روبینہ نازلی,robina_naazli,http://pbs.twimg.com/profile_images/563790526441193472/zOPwuktc_normal.jpeg
Jessica Ogden,jessogden,http://pbs.twimg.com/profile_images/524307252727930880/FFuOsnzL_normal.jpeg
gaurav,gauravguptak1,http://pbs.twimg.com/profile_images/378800000411843760/781bebbb5aed88322ffa3defc00d12ee_normal.jpeg
Stanford Libraries,StanfordLibs,http://pbs.twimg.com/profile_images/696874905065795588/gUEaAlJe_normal.jpg
Karen Hanson,karenhansn,http://pbs.twimg.com/profile_images/505374248961966082/7Vir-yzo_normal.jpeg
DOWN at ODU,GetDownODU,http://pbs.twimg.com/profile_images/502484201505959936/hRXlHUM6_normal.jpeg
Jonathan Greenberg,northgardner,http://abs.twimg.com/sticky/default_profile_images/default_profile_5_normal.png
Melissa Durham,momof3inov,http://pbs.twimg.com/profile_images/508418044524519426/ebs25x22_normal.jpeg
Benn Joseph,doppelen,http://pbs.twimg.com/profile_images/378800000330124733/45c80eef89b87a7c32b5657bede9308e_normal.jpeg
Boaty McBoatface,archivelle,http://pbs.twimg.com/profile_images/1167336635/profile1_normal.jpg
Bergis Jules,BergisJules,http://pbs.twimg.com/profile_images/839913839839723520/-U8_61Zv_normal.jpg
CRISTIANO PLAMEN,plamen26968325,http://pbs.twimg.com/profile_images/486878532258131969/chnPb1gd_normal.png
B. Danette Allen,DrDanetteAllen,http://pbs.twimg.com/profile_images/581076238858485760/7dD4SGUa_normal.jpg
Ray Matthews,RSSNewsmaster,http://pbs.twimg.com/profile_images/80357065/ray_06.18.08_square_nobkg_wh_br_normal.jpg
Peter Burnhill,Strollerman,http://pbs.twimg.com/profile_images/2175293648/456615_3113999083078_1057451349_32799795_795952729_o_normal.jpg
Klaus Berberich,kberberi,http://pbs.twimg.com/profile_images/438626929457913856/VUevPQ1H_normal.jpeg
Nancy Alajarmeh,NancyAjarmeh,http://pbs.twimg.com/profile_images/429762722/samp7b8c22900dbac628_normal.jpg
anaas,amaranaas,http://abs.twimg.com/sticky/default_profile_images/default_profile_6_normal.png
Mohamed Aturban,maturban1,http://pbs.twimg.com/profile_images/508703870755688448/G5d60JOt_normal.jpeg
"WS-DL Group, ODU CS",WebSciDL,http://pbs.twimg.com/profile_images/823672424461778944/aFp_JP17_normal.jpg
Gerhard Gossen,GerhardGossen,http://pbs.twimg.com/profile_images/428903963421720576/NoZ-xKSx_normal.jpeg
Robin C. Pike,AVArchivist,http://pbs.twimg.com/profile_images/590521749646680065/XpbtmPFo_normal.jpg
ISRJ,ISRJINDIA,http://pbs.twimg.com/profile_images/3749482487/c1e116655d30d31ea11ed81667b3f0da_normal.png
Peter Webster,pj_webster,http://pbs.twimg.com/profile_images/3121863128/36bb923e40d456fcbd3b80db369f03eb_normal.jpeg
Yasmina Anwar,yasmina_anwar,http://pbs.twimg.com/profile_images/681701447973470212/27uSdDTM_normal.jpg
Robert H. McDonald,mcdonald,http://pbs.twimg.com/profile_images/519546231345778688/6jP7kTFD_normal.jpeg
tpdl2017,tpdl2017,http://pbs.twimg.com/profile_images/810033096238235648/hz1ysQRo_normal.jpg
Juliane Stiller,stillinsky,http://pbs.twimg.com/profile_images/2986121358/8d3c556eb23ebc3180cd7cdbcd53b281_normal.jpeg
Konrad Lischka,klischka,http://pbs.twimg.com/profile_images/1280413113/0_kl2_kl_normal.jpg
Baptiste Fluzin,bfluzin,http://pbs.twimg.com/profile_images/664803963733168128/KTLyhDra_normal.jpg
Jak Akdemir,Jakdemir,http://pbs.twimg.com/profile_images/556270963453489153/37pRbmVL_normal.jpeg
Aleph Archives,AlephArchives,http://pbs.twimg.com/profile_images/3472501525/0a4e8d7f642aa556975ed4d448314d0f_normal.png
Mike Zarro,mzarro,http://pbs.twimg.com/profile_images/769180207043469313/mgozNztG_normal.jpg
Ben LeBrun,THEBenLeBrun,http://pbs.twimg.com/profile_images/2489020058/qrt1wk0gxmuppqr91895_normal.jpeg
Gina Jones,gmj2053,http://pbs.twimg.com/profile_images/932708453/pic_normal.png
Mat Kelly,machawk1,http://pbs.twimg.com/profile_images/598110235920834560/lFLE-mX7_normal.png
Frank McCown,fmccown,http://pbs.twimg.com/profile_images/2565544139/klyl8kkare4d2vnb6pyg_normal.jpeg
Andy Jackson,anjacks0n,http://pbs.twimg.com/profile_images/748614773831516160/lY83E4kt_normal.jpg
Joan Smith,joansm1th,http://pbs.twimg.com/profile_images/2971076407/6190a113bbf895966099782c23aa171a_normal.png
Scott Ainsworth,Galsondor,http://pbs.twimg.com/profile_images/378800000635279956/062717d96d474df009b302dd65197c91_normal.jpeg
Moustafa Emara,mousta,http://pbs.twimg.com/profile_images/1631118205/flight_normal.jpg
Kaitlin L. Costello,k8lin,http://pbs.twimg.com/profile_images/834514964677160962/bRYViWNQ_normal.jpg
Hany SalahEldeen,hanysalaheldeen,http://pbs.twimg.com/profile_images/589006417966850048/oS_M-9wr_normal.jpg
William J Nixon,williamjnixon,http://pbs.twimg.com/profile_images/305911187/william_normal.jpg
Michele Weigle,weiglemc,http://pbs.twimg.com/profile_images/466648768389980160/3m8QCmnl_normal.jpeg
